Predictor,Cluster_2_Est,Cluster_2_SE_display,Cluster_3_Est,Cluster_3_SE_display,Cluster_4_Est,Cluster_4_SE_display,Cluster_5_Est,Cluster_5_SE_display,Cluster_6_Est,Cluster_6_SE_display
(Intercept),-253.929,4225.051,-235.780,34706.104,-255.120,4225.051,-267.638,4225.056,-245.105,4225.051
cbsatype,-22.468,740.699,12.861,34424.369,-22.617,740.699,-21.316,740.699,-21.998,740.699
inst_num,-14.161,33.529,-14.327,33.529,-14.263,33.529,-14.392,33.529,-14.397,33.529
tot_pop,15.131,37.807,15.403,37.807,15.277,37.807,15.452,37.807,14.872,37.807
pop_density,-0.023,0.759,-0.023,0.759,-0.021,0.759,-0.023,0.759,-0.023,0.759
perc_ba,0.659,28.888,0.658,28.888,0.768,28.888,0.791,28.888,0.777,28.888
med_income,-0.002,0.012,-0.002,0.012,-0.002,0.012,-0.002,0.012,-0.002,0.012
perc_pov,12.597,111.377,11.368,111.377,12.725,111.377,11.989,111.377,12.403,111.377
perc_unemployed,-15.132,255.216,-15.223,255.216,-15.311,255.216,-14.468,255.216,-14.833,255.216
perc_white,5.457,42.044,4.962,42.044,5.401,42.044,5.456,42.044,5.272,42.044
perc_black,1.299,42.942,1.151,42.942,1.350,42.942,1.427,42.942,1.343,42.942
perc_hisp,1.814,42.709,1.593,42.709,1.931,42.709,2.269,42.709,1.921,42.709
perc_asian,15.604,97.101,14.935,97.101,15.738,97.101,15.899,97.101,15.569,97.101
N Institutions,801,,109,,1164,,750,,91,
